14.0 	53.766767
14.018278 	53.762944
14.039889 	53.752944
14.064944 	53.752917
14.10325 	53.739639
14.131611 	53.737944
14.144917 	53.74125
14.164944 	53.741278
14.181556 	53.73375
14.209944 	53.749639
14.215806 	53.75
14.229861 	53.761278
14.25825 	53.756278
14.267417 	53.750833
14.274083 	53.738333
14.255694 	53.720861
14.219083 	53.7075
14.219111 	53.700889
14.231611 	53.697083
14.254917 	53.694611
14.278278 	53.700444
14.301583 	53.699556
14.307361 	53.705028
14.30575 	53.715
14.277389 	53.724194
14.279861 	53.727111
14.291611 	53.725417
14.300722 	53.727528
14.302417 	53.736667
14.286556 	53.740389
14.285722 	53.743306
14.308194 	53.742056
14.329944 	53.73625
14.339111 	53.729167
14.344056 	53.714194
14.37575 	53.699167
14.399917 	53.682917
14.426528 	53.677111
14.479944 	53.672917
14.511556 	53.664583
14.530694 	53.655806
14.55075 	53.640833
14.574083 	53.6025
14.591167 	53.601694
14.59575 	53.603306
14.594111 	53.624139
14.607444 	53.6275
14.60825 	53.632917
14.617389 	53.631694
14.612417 	53.638361
14.622444 	53.645806
14.619917 	53.649583
14.605694 	53.649194
14.606611 	53.655417
14.589889 	53.655417
14.584917 	53.652889
14.569083 	53.659972
14.570778 	53.664139
14.559889 	53.66625
14.54575 	53.675
14.547389 	53.685
14.540722 	53.705
14.549111 	53.713306
14.559028 	53.756667
14.567417 	53.755833
14.565722 	53.762528
14.569944 	53.764583
14.577333 	53.756667
14.583222 	53.755389
14.591611 	53.76375
14.608194 	53.762889
14.615694 	53.765833
14.615722 	53.783278
14.610778 	53.786639
14.612389 	53.81
14.607361 	53.821667
14.620778 	53.830861
14.622417 	53.843361
14.649 	53.894167
14.658222 	53.900417
14.672417 	53.904167
14.68825 	53.918778
14.699083 	53.918333
14.699111 	53.926667
14.722361 	53.935806
14.719889 	53.942944
14.744111 	53.939167
14.754861 	53.920417
14.762361 	53.926639
14.765694 	53.972472
14.787361 	53.974972
14.767389 	53.980806
14.765778 	54.003306
14.774944 	54.010389
14.789972 	54.010417
14.799139 	54.014139
14.802472 	54.031667
14.788306 	54.033722
14.771667 	54.027056
14.758278 	54.027889
14.743278 	54.022083
14.72825 	54.022917
14.731639 	54.026222
14.814917 	54.04375
14.901583 	54.057083
15.021639 	54.085389
15.056611 	54.096278
15.098278 	54.101194
15.14825 	54.115417
15.188306 	54.122056
15.294972 	54.148722
15.365 	54.156222
15.423278 	54.16625
15.48825 	54.167083
15.533361 	54.178722
15.551667 	54.187861
15.583306 	54.187889
15.69825 	54.206222
15.745028 	54.215361
15.808306 	54.234528
15.858306 	54.244583
15.946611 	54.249556
16.030028 	54.25875
16.129972 	54.284556
16.1375 	54.281639
16.136639 	54.277889
16.128306 	54.280417
16.111639 	54.269556
16.064083 	54.259139
16.088361 	54.252083
16.108278 	54.260389
16.143306 	54.251222
16.154944 	54.259556
16.169167 	54.262444
16.171583 	54.27625
16.211611 	54.273722
16.214139 	54.277472
16.207472 	54.282444
16.207528 	54.297528
16.198278 	54.305417
16.151667 	54.285389
16.138361 	54.28375
16.134111 	54.285833
16.190778 	54.309167
16.268306 	54.354583
16.274167 	54.351611
16.2275 	54.326639
16.228306 	54.320417
16.251667 	54.317889
16.259194 	54.321639
16.259944 	54.333722
16.286667 	54.335389
16.305 	54.34375
16.330806 	54.347472
16.334139 	54.36
16.316583 	54.376222
16.289139 	54.364139
16.278361 	54.35375
16.272472 	54.356667
16.335861 	54.400778
16.375806 	54.44
16.397472 	54.451611
16.430806 	54.486667
16.435833 	54.484167
16.422444 	54.471639
16.421611 	54.464583
16.453306 	54.471222
16.461667 	54.477917
16.467472 	54.478306
16.467417 	54.482472
16.480778 	54.491667
16.474944 	54.501222
16.438278 	54.487028
16.434167 	54.49
16.472444 	54.515806
16.529917 	54.542083
16.623333 	54.562889
16.668278 	54.567083
16.684944 	54.57125
16.754917 	54.569556
16.803333 	54.580444
16.823333 	54.581222
16.851611 	54.589583
16.894944 	54.595417
16.955028 	54.614556
16.995861 	54.635
17.049944 	54.670389
17.196611 	54.714556
17.228306 	54.727917
17.264972 	54.73625
17.373306 	54.753694
17.455 	54.75625
17.624972 	54.777917
17.681583 	54.787056
17.748278 	54.802056
17.804972 	54.808694
17.856639 	54.819611
17.948333 	54.832083
18.058306 	54.835417
18.236639 	54.833722
18.279917 	54.837028
18.328333 	54.836222
18.344944 	54.830444
18.352528 	54.823306
18.371583 	54.814583
18.413306 	54.802056
18.414083 	54.799167
18.436583 	54.790389
18.568333 	54.742861
18.656611 	54.714583
18.726667 	54.685444
18.789194 	54.653306
18.822444 	54.628278
18.829111 	54.619167
18.829083 	54.605
18.811694 	54.592083
18.807528 	54.592444
18.7975 	54.609167
18.779139 	54.615806
18.76575 	54.635806
18.701639 	54.688722
18.68825 	54.693722
18.673278 	54.693722
18.666639 	54.699583
18.653278 	54.700361
18.639139 	54.711667
18.615 	54.722917
18.538333 	54.747917
18.528333 	54.74875
18.519917 	54.755417
18.506694 	54.757028
18.475028 	54.771222
18.4225 	54.786667
18.420833 	54.770806
18.400833 	54.753306
18.397444 	54.729167
18.408278 	54.724583
18.416611 	54.725389
18.445806 	54.706611
18.472444 	54.696667
18.465778 	54.658333
18.477528 	54.651611
18.477472 	54.6475
18.472472 	54.645806
18.474111 	54.640028
18.467528 	54.634972
18.486639 	54.63125
18.511583 	54.635361
18.520861 	54.641667
18.5125 	54.628306
18.514167 	54.612472
18.547444 	54.580778
18.554111 	54.559972
18.562444 	54.551639
18.557444 	54.544972
18.564167 	54.540833
18.554917 	54.542917
18.552444 	54.538306
18.543306 	54.537028
18.513278 	54.544583
18.5125 	54.541639
18.516639 	54.537861
18.52575 	54.538333
18.523278 	54.535417
18.532528 	54.536639
18.526667 	54.532917
18.539167 	54.534139
18.531583 	54.529528
18.545028 	54.534556
18.55575 	54.534139
18.549111 	54.531667
18.551611 	54.529556
18.562472 	54.53
18.550806 	54.524972
18.56075 	54.524139
18.552417 	54.520833
18.560806 	54.518306
18.552472 	54.516667
18.552417 	54.514139
18.570833 	54.488333
18.562472 	54.4675
18.567472 	54.450806
18.594111 	54.429139
18.634944 	54.410417
18.66 	54.410389
18.663333 	54.407028
18.661611 	54.412944
18.676639 	54.410361
18.685 	54.404528
18.694167 	54.403333
18.699111 	54.391611
18.726667 	54.376222
18.753361 	54.371222
18.774972 	54.372889
18.780833 	54.367472
18.774139 	54.366667
18.774111 	54.363333
18.780806 	54.360778
18.785833 	54.350833
18.796583 	54.343722
18.824139 	54.343306
18.818333 	54.346222
18.790806 	54.349139
18.785778 	54.357444
18.804167 	54.362472
18.7925 	54.365
18.794972 	54.367889
18.783306 	54.368694
18.781667 	54.37375
18.794944 	54.372056
18.819944 	54.357889
18.873306 	54.34875
18.921639 	54.345417
18.944972 	54.355417
18.939944 	54.33125
18.953306 	54.357111
18.954139 	54.349972
18.973333 	54.345389
19.016556 	54.343694
19.181528 	54.351194
19.349944 	54.369528
19.426583 	54.384556
19.501583 	54.403694
19.599944 	54.439528
19.677417 	54.481611
19.845778 	54.604944
19.878306 	54.640361
19.889083 	54.634917
19.885806 	54.61075
19.852472 	54.60075
19.850778 	54.594111
19.834111 	54.585778
19.827444 	54.575778
19.812472 	54.566556
19.80575 	54.554917
19.793222 	54.552861
19.787417 	54.547417
19.770806 	54.541611
19.772417 	54.529917
19.760778 	54.52575
19.75575 	54.516583
19.7375 	54.504056
19.734056 	54.494944
19.714167 	54.488222
19.696667 	54.474528
19.683278 	54.472833
19.669083 	54.466611
19.650722 	54.453222
19.594889 	54.424528
19.571583 	54.418722
19.541639 	54.405333
19.504917 	54.397861
19.451556 	54.381167
19.444944 	54.375361
19.38325 	54.360333
19.366611 	54.353667
19.351583 	54.350389
19.286611 	54.350333
19.251583 	54.344528
19.2275 	54.336583
19.228333 	54.331167
19.250778 	54.329111
19.250778 	54.319972
19.26075 	54.314972
19.260694 	54.309083
19.267417 	54.307417
19.267444 	54.304111
19.250806 	54.294111
19.262444 	54.284111
19.256583 	54.272833
19.261667 	54.277028
19.27325 	54.275361
19.279944 	54.280361
19.289972 	54.281194
19.293222 	54.277833
19.324889 	54.276222
19.38325 	54.265361
19.39575 	54.277444
19.402417 	54.279083
19.382444 	54.254111
19.375778 	54.237472
19.362389 	54.22575
19.364111 	54.221611
19.373333 	54.220361
19.387444 	54.230778
19.402444 	54.265778
19.43075 	54.285806
19.462444 	54.299111
19.499972 	54.322
19.534944 	54.327
19.546583 	54.3345
19.561583 	54.338694
19.594861 	54.342
19.621583 	54.340361
19.658278 	54.350361
19.692417 	54.367444
19.690806 	54.375778
19.710778 	54.384083
19.717472 	54.391583
19.719111 	54.402444
19.74575 	54.414083
19.749139 	54.421583
19.744056 	54.424111
19.744167 	54.430778
19.764972 	54.435333
19.789917 	54.432861
19.80575 	54.443278
19.810722 	54.457417
19.831611 	54.471222
19.856639 	54.476194
19.869889 	54.482889
19.909889 	54.486167
19.925833 	54.491611
19.924917 	54.496167
19.931639 	54.493722
19.939111 	54.497417
19.949056 	54.506583
19.959083 	54.525806
19.964083 	54.552444
19.972417 	54.557417
19.977417 	54.569111
19.986667 	54.576194
20.0 	54.579206
20.0 	54.727674
19.998278 	54.727861
19.978222 	54.725306
19.960778 	54.709056
19.945778 	54.702444
19.949083 	54.689111
19.940778 	54.65575
19.948278 	54.647833
19.949972 	54.650361
19.960722 	54.649944
19.96575 	54.641583
19.954944 	54.641167
19.944972 	54.635306
19.926611 	54.633667
19.919111 	54.634111
19.921611 	54.640361
19.914056 	54.639944
19.919861 	54.642861
19.911611 	54.642833
19.904889 	54.636139
19.899944 	54.641194
19.89825 	54.637861
19.889889 	54.637833
19.872417 	54.647444
19.8875 	54.657389
19.925778 	54.699111
19.95075 	54.739111
19.964056 	54.781583
19.962417 	54.810778
19.95075 	54.822444
19.950806 	54.847417
19.930806 	54.863222
19.930778 	54.898278
19.935722 	54.916583
19.97825 	54.962833
19.993333 	54.962833
20.0 	54.958744
20.0 	54.727674
14.999556 	54.998639
14.995667 	55.0
15.078306 	54.987083
15.063306 	54.987889
15.04 	54.994583
15.019944 	54.994583
14.999556 	54.998639
14.0 	53.960925
14.009889 	53.959611
14.021639 	53.962111
14.024111 	53.96
14.017361 	53.958361
14.024056 	53.9575
14.012444 	53.954139
14.012472 	53.949194
14.031583 	53.942083
14.042444 	53.941667
14.042389 	53.947556
14.032389 	53.949167
14.047472 	53.975833
14.047389 	53.995861
14.039083 	54.0025
14.040861 	54.014139
14.031611 	54.019556
14.016639 	54.022056
14.0125 	54.0125
14.0025 	54.013333
14.0 	54.024216
14.0 	54.059764
14.0175 	54.055
14.0825 	54.010806
14.140694 	53.980833
14.182472 	53.949194
14.211583 	53.934611
14.246583 	53.923778
14.282472 	53.923361
14.280694 	53.914167
14.257389 	53.903361
14.254111 	53.898361
14.25575 	53.892556
14.269056 	53.882528
14.264083 	53.874167
14.26575 	53.8675
14.271556 	53.877917
14.287389 	53.845028
14.337389 	53.808333
14.314917 	53.819611
14.291556 	53.82125
14.279889 	53.825417
14.228278 	53.862139
14.206583 	53.866278
14.194972 	53.872139
14.106556 	53.869611
14.084944 	53.873722
14.066556 	53.867083
14.038194 	53.872972
14.021583 	53.868778
14.0 	53.854556
14.0 	53.960925
14.714861 	53.99875
14.713222 	53.998722
14.704944 	54.001222
14.695722 	53.995028
14.702444 	53.987528
14.702361 	53.971667
14.689056 	53.9525
14.697361 	53.941667
14.69575 	53.936667
14.667389 	53.916667
14.667444 	53.909167
14.64825 	53.90375
14.637389 	53.895
14.630778 	53.880028
14.619083 	53.87
14.619083 	53.86
14.625722 	53.851694
14.619104 	53.836526
14.61325 	53.830417
14.597389 	53.826667
14.590694 	53.818361
14.597361 	53.808333
14.589889 	53.80375
14.584083 	53.805
14.572417 	53.815861
14.569083 	53.829139
14.579889 	53.829583
14.585722 	53.834167
14.574889 	53.847944
14.533167 	53.857944
14.519861 	53.855444
14.469944 	53.864583
14.446611 	53.862083
14.429889 	53.863778
14.422472 	53.868361
14.429139 	53.889167
14.423194 	53.885417
14.406556 	53.893722
14.378222 	53.890389
14.372472 	53.880028
14.362361 	53.877528
14.366583 	53.872917
14.38325 	53.875472
14.390694 	53.869167
14.374944 	53.85625
14.368194 	53.855417
14.357444 	53.859167
14.350694 	53.87
14.33825 	53.874611
14.313222 	53.870472
14.294861 	53.858778
14.28575 	53.860889
14.282361 	53.885
14.259028 	53.896694
14.262417 	53.903389
14.284083 	53.914194
14.286556 	53.921278
14.336639 	53.909639
14.351528 	53.909611
14.403222 	53.917917
14.444917 	53.932111
14.506583 	53.966222
14.546583 	53.972944
14.599889 	53.989611
14.646556 	53.999583
14.651639 	54.003722
14.688306 	54.011222
14.719889 	54.022889
14.74 	54.020361
14.759917 	54.027083
14.765861 	54.025
14.764167 	54.013278
14.731639 	54.008722
14.714861 	53.99875
14.284056 	53.853333
14.284083 	53.856639
14.298194 	53.856278
14.309056 	53.86
14.316556 	53.867917
14.321528 	53.862917
14.326583 	53.868778
14.33825 	53.869583
14.356611 	53.855472
14.36825 	53.852972
14.386583 	53.85375
14.389083 	53.846667
14.387417 	53.841639
14.378222 	53.837083
14.369889 	53.839611
14.368194 	53.836222
14.361528 	53.837111
14.344056 	53.830861
14.34075 	53.821694
14.34575 	53.810028
14.341528 	53.807944
14.29075 	53.845
14.284056 	53.853333
14.704083 	53.950028
14.704028 	53.955
14.709111 	53.965
14.717389 	53.969972
14.71325 	53.980417
14.739889 	53.979556
14.757444 	53.974167
14.757389 	53.965833
14.762444 	53.961694
14.75825 	53.952083
14.753222 	53.951222
14.746528 	53.954583
14.714944 	53.946278
14.704083 	53.950028
14.377444 	53.856667
14.379083 	53.857528
14.39325 	53.865417
14.411611 	53.864583
14.419028 	53.852472
14.414139 	53.843306
14.384917 	53.835417
14.392389 	53.844972
14.389056 	53.855861
14.404139 	53.861639
14.377444 	53.856667
14.250722 	53.703361
14.25075 	53.707472
14.268278 	53.711306
14.272444 	53.705056
14.258278 	53.70125
14.250722 	53.703361
14.259028 	53.891722
14.259028 	53.892528
14.279111 	53.883333
14.281528 	53.866222
14.274028 	53.88
14.259028 	53.891722
19.99825 	54.640333
20.0 	54.640361
20.0 	54.63875
19.965694 	54.639944
19.968306 	54.642
19.99825 	54.640333
19.99825 	54.636222
19.994917 	54.636194
19.955806 	54.634083
20.0 	54.638065
20.0 	54.636586
19.99825 	54.636222
19.905722 	54.630806
19.90825 	54.632028
19.952472 	54.634111
19.933278 	54.630361
19.905722 	54.630806
14.525694 	53.672472
14.525694 	53.673333
14.534917 	53.67375
14.535722 	53.670861
14.525694 	53.672472
14.022417 	53.949222
14.022417 	53.950056
14.026528 	53.951306
14.030778 	53.948361
14.026556 	53.946278
14.022417 	53.949222
14.51768 	53.661897
14.517417 	53.664972
14.525722 	53.660833
14.51768 	53.661897
14.402472 	53.869167
14.402417 	53.872528
14.407472 	53.871694
14.407389 	53.869194
14.402472 	53.869167
14.279083 	53.738361
14.279028 	53.740861
14.285722 	53.739194
14.279083 	53.738361
14.592389 	53.635
14.592361 	53.6375
14.597444 	53.6375
14.596611 	53.634611
14.592389 	53.635
19.927472 	54.60075
19.927444 	54.601583
19.934083 	54.60325
19.927472 	54.60075
14.029111 	53.945056
14.031583 	53.94625
14.035694 	53.944194
14.029111 	53.945056
18.957472 	54.355806
18.957472 	54.3575
18.962472 	54.357472
18.957472 	54.355806
18.775778 	54.364972
18.77575 	54.365833
18.78075 	54.363306
18.775778 	54.364972
14.035778 	53.755889
14.036556 	53.756278
14.042444 	53.755028
14.035778 	53.755889
14.392389 	53.871694
14.392361 	53.873333
14.395778 	53.871639
14.392389 	53.871694
14.347444 	53.830806
14.347444 	53.831667
14.350722 	53.831694
14.347444 	53.830806
14.320778 	53.868333
14.320778 	53.869194
14.324083 	53.868361
14.320778 	53.868333
14.059139 	53.753333
14.059139 	53.754194
14.062417 	53.753361
14.059139 	53.753333
17.384167 	54.676111
17.348889 	54.688333
17.323333 	54.7075
17.289722 	54.713889
17.289444 	54.721667
17.306667 	54.728611
17.369167 	54.732222
17.421944 	54.743611
17.434722 	54.741944
17.445 	54.746111
17.493889 	54.7525
17.5075 	54.753889
17.537778 	54.750833
17.541667 	54.7375
17.532222 	54.724167
17.524444 	54.722222
17.515556 	54.730556
17.506944 	54.731667
17.508333 	54.724444
17.5025 	54.716667
17.476944 	54.704167
17.4675 	54.705278
17.464167 	54.709722
17.4475 	54.715
17.444167 	54.707778
17.449722 	54.703889
17.438056 	54.693333
17.440278 	54.688333
17.433889 	54.680833
17.416389 	54.679167
17.401389 	54.670556
17.389167 	54.673889
17.384167 	54.676111
19.546667 	53.616389
19.556944 	53.641944
19.589722 	53.663611
19.603889 	53.682778
19.6225 	53.682778
19.625 	53.695
19.618056 	53.7
19.616667 	53.708333
19.594444 	53.718056
19.576111 	53.748333
19.537778 	53.775833
19.535556 	53.782778
19.561944 	53.79
19.577222 	53.771667
19.584722 	53.797778
19.591667 	53.798056
19.607778 	53.789444
19.613889 	53.794722
19.625556 	53.796111
19.628611 	53.793333
19.623611 	53.773333
19.631944 	53.76
19.636389 	53.739722
19.653333 	53.741667
19.676667 	53.750556
19.682222 	53.75
19.682778 	53.745833
19.646944 	53.726111
19.641389 	53.72
19.644167 	53.694444
19.636944 	53.680278
19.613056 	53.671667
19.600556 	53.656389
19.575556 	53.638889
19.558889 	53.6075
19.548056 	53.605833
19.545 	53.613056
19.546667 	53.616389
14.686944 	53.527778
14.686389 	53.512222
14.700278 	53.506389
14.703056 	53.501389
14.700278 	53.470278
14.711389 	53.463056
14.714444 	53.442778
14.704722 	53.438333
14.658889 	53.434167
14.659444 	53.420278
14.669167 	53.407778
14.646944 	53.401111
14.6325 	53.406111
14.639722 	53.415556
14.64 	53.425
14.624722 	53.426389
14.609722 	53.431944
14.604167 	53.438611
14.602778 	53.4525
14.628056 	53.456944
14.632778 	53.457222
14.636389 	53.4525
14.642778 	53.455
14.649722 	53.465556
14.642222 	53.486667
14.649444 	53.529444
14.6625 	53.535278
14.6725 	53.535556
14.685556 	53.529167
14.686944 	53.527778
14.875833 	53.2175
14.861944 	53.2325
14.861667 	53.272222
14.870278 	53.277222
14.870278 	53.2925
14.876389 	53.303889
14.891389 	53.316111
14.909167 	53.342222
14.917778 	53.3475
14.926944 	53.3475
14.9325 	53.343889
14.933056 	53.337778
14.9025 	53.285833
14.909722 	53.264722
14.903333 	53.246667
14.913333 	53.229722
14.915278 	53.215556
14.911389 	53.210556
14.902778 	53.209167
14.879167 	53.216667
14.875833 	53.2175
17.068889 	54.647778
17.082778 	54.670556
17.15 	54.678611
17.159444 	54.674167
17.149722 	54.669722
17.154722 	54.659722
17.161667 	54.656667
17.171389 	54.657222
17.176944 	54.653333
17.174722 	54.644167
17.166389 	54.638611
17.116389 	54.633333
17.090556 	54.635
17.078333 	54.639167
17.068611 	54.646944
17.068889 	54.647778
16.7075 	53.724444
16.708889 	53.733333
16.721389 	53.746944
16.705 	53.763889
16.704722 	53.769167
16.718889 	53.77
16.734722 	53.758611
16.74 	53.758611
16.749722 	53.766944
16.758056 	53.768611
16.778333 	53.765833
16.791389 	53.759444
16.795833 	53.7525
16.793333 	53.743611
16.757222 	53.736111
16.741944 	53.736111
16.731389 	53.732222
16.719722 	53.721111
16.711944 	53.720833
16.7075 	53.724444
16.194444 	53.570833
16.188056 	53.58
16.18 	53.5825
16.150278 	53.565278
16.168611 	53.576944
16.1725 	53.591944
16.160833 	53.594722
16.141944 	53.589444
16.131944 	53.593333
16.137778 	53.600278
16.156667 	53.605278
16.156944 	53.615
16.146667 	53.625833
16.159722 	53.635
16.163056 	53.625278
16.191389 	53.610556
16.190278 	53.604167
16.198333 	53.5925
16.215556 	53.591667
16.210556 	53.581667
16.231389 	53.569722
16.23 	53.557778
16.226389 	53.557222
16.218056 	53.565833
16.201944 	53.566667
16.195278 	53.569722
16.194444 	53.570833
17.901944 	53.953056
17.901667 	53.978611
17.890278 	53.983056
17.898333 	53.991389
17.900278 	54.005833
17.915278 	54.01
17.915 	54.012778
17.891389 	54.011667
17.886667 	54.015
17.903056 	54.018333
17.923611 	54.018056
17.93 	54.023056
17.925833 	54.015556
17.95 	54.007778
17.983889 	54.007778
17.988889 	54.012222
17.992778 	54.011389
17.992222 	54.005833
17.981944 	54.001944
17.947778 	54.001944
17.928056 	54.005833
17.923333 	54.001389
17.927778 	53.979722
17.922222 	53.960833
17.895833 	53.940556
17.902222 	53.949722
17.901944 	53.953056
17.495556 	53.740556
17.504167 	53.746111
17.499722 	53.753056
17.504444 	53.760833
17.496667 	53.766667
17.494444 	53.774444
17.506389 	53.788889
17.489167 	53.796667
17.485556 	53.807222
17.4875 	53.809722
17.501389 	53.810833
17.516667 	53.808056
17.516389 	53.799167
17.536667 	53.777778
17.517222 	53.764444
17.521667 	53.749167
17.516667 	53.737778
17.504444 	53.731111
17.494444 	53.731111
17.485556 	53.736111
17.494722 	53.74
17.495556 	53.740556
19.9925 	53.890556
19.988889 	53.896667
19.993889 	53.916667
19.983333 	53.928611
19.980556 	53.940556
19.982222 	53.953333
19.991667 	53.956111
20.0 	53.930305
20.0 	53.887394
19.997778 	53.8875
19.9925 	53.890556
15.972222 	53.426667
15.953889 	53.438889
15.934444 	53.44
15.906667 	53.446111
15.9 	53.452222
15.887778 	53.455833
15.869722 	53.471944
15.856944 	53.47
15.852778 	53.474167
15.828611 	53.478056
15.846667 	53.478056
15.853611 	53.488889
15.861944 	53.490278
15.874444 	53.477778
15.896667 	53.473056
15.895556 	53.463889
15.909722 	53.4625
15.918333 	53.457222
15.933333 	53.456389
15.968889 	53.445
15.973056 	53.434722
15.984167 	53.4275
15.981667 	53.422222
15.974722 	53.424722
15.972222 	53.426667
18.066111 	54.7375
18.029722 	54.773056
18.047222 	54.790833
18.055278 	54.792778
18.065 	54.787778
18.081667 	54.755833
18.098333 	54.741944
18.0975 	54.735556
18.088056 	54.730833
18.068056 	54.736389
18.066111 	54.7375
20.0 	53.737372
19.984722 	53.748611
19.97 	53.753611
19.966389 	53.760556
19.970278 	53.767222
19.985833 	53.763611
20.0 	53.754473
20.0 	53.737372
19.815833 	53.821111
19.806667 	53.833056
19.808611 	53.845833
19.795833 	53.865556
19.785 	53.873056
19.767222 	53.874444
19.751111 	53.8925
19.755 	53.894722
19.773611 	53.891667
19.791389 	53.883889
19.818056 	53.863056
19.827778 	53.846111
19.821944 	53.818333
19.815833 	53.821111
17.962222 	54.233056
17.979167 	54.243611
17.987222 	54.254167
18.021944 	54.271667
18.044722 	54.293333
18.037778 	54.294167
18.038889 	54.2975
18.056111 	54.304444
18.065556 	54.32
18.088056 	54.315556
18.076389 	54.310278
18.045833 	54.285
18.030833 	54.267778
17.996667 	54.249722
17.989167 	54.238889
17.971389 	54.228056
17.963611 	54.2175
17.960833 	54.2225
17.950833 	54.223056
17.96 	54.230833
17.962222 	54.233056
19.4675 	54.067222
19.4675 	54.075833
19.476111 	54.090278
19.471667 	54.100278
19.455556 	54.105
19.435833 	54.104722
19.432222 	54.106389
19.436389 	54.111389
19.413056 	54.116944
19.410278 	54.121111
19.413889 	54.1225
19.433056 	54.123056
19.446944 	54.116389
19.471389 	54.113333
19.491389 	54.103611
19.485556 	54.095556
19.492778 	54.086667
19.492222 	54.066111
19.470278 	54.061667
19.470833 	54.064722
19.4675 	54.067222
16.623333 	53.863056
16.630278 	53.868889
16.645278 	53.864167
16.678333 	53.870278
16.695 	53.8775
16.701389 	53.874722
16.700556 	53.866111
16.714167 	53.86
16.717222 	53.855278
16.715278 	53.8525
16.71 	53.852778
16.693889 	53.860833
16.681944 	53.851111
16.672222 	53.850833
16.623611 	53.858056
16.621944 	53.860556
16.623333 	53.863056
19.209167 	53.795278
19.230833 	53.800556
19.246389 	53.809722
19.253333 	53.819444
19.261944 	53.821667
19.259444 	53.801944
19.24 	53.786111
19.218333 	53.780556
19.203611 	53.780278
19.195 	53.788056
19.2075 	53.794444
19.209167 	53.795278
16.641111 	54.527222
16.631389 	54.533333
16.621111 	54.529167
16.614444 	54.535278
16.588889 	54.5425
16.634444 	54.551111
16.653889 	54.550278
16.66 	54.543889
16.659444 	54.528611
16.65 	54.523333
16.644444 	54.526944
16.641111 	54.527222
16.539722 	53.592222
16.486111 	53.595556
16.474167 	53.605278
16.455556 	53.600833
16.450278 	53.601111
16.449722 	53.603889
16.461111 	53.615278
16.49 	53.615556
16.493611 	53.614167
16.4875 	53.605
16.4925 	53.601111
16.524722 	53.601944
16.561111 	53.597778
16.559444 	53.5875
16.556111 	53.586111
16.553889 	53.590556
16.549444 	53.590833
16.539722 	53.592222
15.411389 	53.519722
15.399722 	53.529722
15.401111 	53.538333
15.396389 	53.545278
15.384444 	53.549167
15.379722 	53.556111
15.366111 	53.557222
15.358889 	53.572778
15.366667 	53.564167
15.390556 	53.559722
15.41 	53.55
15.420833 	53.530556
15.440278 	53.521389
15.444167 	53.514167
15.428611 	53.519167
15.420556 	53.517222
15.412222 	53.518889
15.411389 	53.519722
16.013333 	53.600556
16.013333 	53.605278
16.022222 	53.610278
16.010278 	53.614167
16.01 	53.616944
16.02 	53.633611
16.030833 	53.641111
16.029444 	53.633889
16.0425 	53.591667
16.025833 	53.586111
16.030556 	53.590556
16.018889 	53.590556
16.015 	53.597778
16.013333 	53.600556
17.492222 	53.821389
17.502222 	53.840833
17.499444 	53.851667
17.528333 	53.849722
17.534722 	53.843611
17.521944 	53.820556
17.509444 	53.818333
17.504722 	53.822222
17.4975 	53.8175
17.491389 	53.82
17.492222 	53.821389
15.1075 	53.130556
15.049444 	53.153056
15.048056 	53.159722
15.0575 	53.160278
15.089444 	53.153611
15.130556 	53.132778
15.125833 	53.129444
15.105278 	53.130556
15.1075 	53.130556
16.26 	53.28
16.27 	53.301389
16.251111 	53.311111
16.251944 	53.318889
16.267778 	53.315
16.275 	53.308889
16.278056 	53.289167
16.289167 	53.279167
16.286389 	53.275278
16.306944 	53.271389
16.309722 	53.266667
16.285833 	53.2725
16.264444 	53.259722
16.268889 	53.270278
16.260833 	53.272778
16.258611 	53.277778
16.26 	53.28
17.209444 	53.743889
17.172222 	53.763333
17.190833 	53.79
17.197778 	53.792778
17.2025 	53.788889
17.186944 	53.761389
17.196111 	53.756389
17.21 	53.761667
17.226667 	53.746111
17.221111 	53.734722
17.211944 	53.742222
17.209444 	53.743889
19.750556 	53.719722
19.735833 	53.716389
19.722222 	53.6975
19.710556 	53.698333
19.706944 	53.708611
19.71 	53.717222
19.731111 	53.725
19.748889 	53.726667
19.754444 	53.7375
19.759722 	53.730833
19.768611 	53.730833
19.751667 	53.721111
19.750556 	53.719722
14.138333 	53.948611
14.129167 	53.940556
14.126389 	53.931389
14.133611 	53.929167
14.151667 	53.930556
14.153611 	53.926111
14.144722 	53.920833
14.131389 	53.918889
14.116111 	53.924167
14.11 	53.933611
14.115833 	53.944444
14.138889 	53.958611
14.143889 	53.955278
14.140556 	53.950833
14.138333 	53.948611
15.510833 	53.433611
15.516667 	53.438611
15.494167 	53.446111
15.527778 	53.443611
15.537222 	53.448333
15.530556 	53.4575
15.560833 	53.451944
15.561111 	53.443611
15.556389 	53.439167
15.541667 	53.438889
15.511667 	53.430278
15.492778 	53.431667
15.506389 	53.432222
15.510833 	53.433611
16.801389 	53.991111
16.802222 	54.006389
16.791667 	54.02
16.793056 	54.029444
16.799167 	54.031944
16.797778 	54.016667
16.826389 	54.015
16.811111 	53.99
16.818611 	53.984722
16.817778 	53.980278
16.794444 	53.982778
16.801111 	53.989722
16.801389 	53.991111
19.601111 	53.8425
19.605278 	53.833611
19.614722 	53.828611
19.610556 	53.82
19.599722 	53.826111
19.581944 	53.824444
19.565556 	53.835556
19.566667 	53.844167
19.579722 	53.842222
19.593889 	53.847222
19.599722 	53.843611
19.601111 	53.8425
19.8025 	53.69
19.8125 	53.692222
19.839722 	53.691389
19.876111 	53.697222
19.902222 	53.696944
19.898333 	53.691944
19.882778 	53.6875
19.808611 	53.684444
19.801667 	53.684722
19.799444 	53.688056
19.8025 	53.69
17.783333 	54.277222
17.788333 	54.29
17.780833 	54.298611
17.782222 	54.316944
17.785833 	54.3225
17.794444 	54.323611
17.798611 	54.319444
17.795556 	54.303333
17.805833 	54.286667
17.801389 	54.281944
17.792778 	54.280833
17.787222 	54.2725
17.780556 	54.27
17.783611 	54.275833
17.783333 	54.277222
17.602222 	53.9875
17.616111 	54.000833
17.631944 	54.003611
17.645278 	54.000833
17.645833 	53.992778
17.637222 	53.9875
17.604444 	53.981111
17.6 	53.981667
17.600278 	53.986389
17.602222 	53.9875
17.588889 	54.762222
17.670278 	54.775556
17.679444 	54.774167
17.680556 	54.771389
17.675 	54.7675
17.605556 	54.757222
17.590556 	54.757778
17.586389 	54.761944
17.588889 	54.762222
17.701389 	54.187222
17.711111 	54.191667
17.73 	54.213889
17.756389 	54.221667
17.758889 	54.220278
17.741389 	54.209444
17.718333 	54.182222
17.700278 	54.180278
17.694167 	54.183889
17.697778 	54.185278
17.701389 	54.187222
19.499722 	53.561667
19.490278 	53.553611
19.497222 	53.5475
19.495 	53.543056
19.481389 	53.542222
19.458333 	53.546111
19.460833 	53.55
19.476667 	53.553333
19.484167 	53.569722
19.497222 	53.570278
19.498889 	53.565
19.499722 	53.561667
18.501111 	53.712222
18.491667 	53.703056
18.473056 	53.701944
18.463611 	53.693056
18.456389 	53.695833
18.463333 	53.705278
18.4575 	53.716389
18.470278 	53.713889
18.488333 	53.714722
18.498333 	53.718889
18.501111 	53.714722
18.501111 	53.712222
17.186111 	53.706944
17.201667 	53.7225
17.215556 	53.727778
17.223333 	53.726944
17.224444 	53.721944
17.213056 	53.711389
17.216389 	53.706667
17.206389 	53.7025
17.200278 	53.705833
17.193889 	53.701389
17.187222 	53.703333
17.186111 	53.706944
14.659722 	53.988889
14.683056 	53.982222
14.668889 	53.977778
14.653611 	53.961667
14.643611 	53.9725
14.643333 	53.978333
14.648056 	53.986667
14.657222 	53.988333
14.659722 	53.988889
17.598889 	54.278333
17.611111 	54.285278
17.615556 	54.294167
17.616667 	54.321111
17.621944 	54.329444
17.620278 	54.313889
17.624722 	54.306667
17.619444 	54.291111
17.6275 	54.282222
17.611667 	54.270833
17.599444 	54.2725
17.598333 	54.276111
17.598889 	54.278333
18.799722 	53.273889
18.811111 	53.258056
18.808333 	53.248056
18.791667 	53.251944
18.789722 	53.262778
18.781667 	53.268333
18.781944 	53.273056
18.794444 	53.275278
18.799722 	53.273889
16.825556 	54.2575
16.819722 	54.266389
16.824167 	54.274167
16.838333 	54.279444
16.8475 	54.274444
16.847222 	54.262222
16.840278 	54.255278
16.828333 	54.256667
16.825556 	54.2575
14.921389 	53.008333
14.894722 	53.002222
14.886667 	53.004444
14.908889 	53.006111
14.901667 	53.014722
14.902778 	53.021667
14.912222 	53.021111
14.920278 	53.010833
14.921389 	53.008333
14.583056 	53.252222
14.595278 	53.234167
14.592222 	53.228333
14.581944 	53.224444
14.576944 	53.225
14.569444 	53.246111
14.570833 	53.252222
14.578611 	53.253333
14.583056 	53.252222
19.927222 	53.705556
19.910556 	53.718333
19.900833 	53.735278
19.925278 	53.718889
19.948056 	53.709444
19.941944 	53.703889
19.928611 	53.703611
19.927222 	53.705556
14.104167 	53.964167
14.092778 	53.960833
14.090556 	53.949444
14.084444 	53.946111
14.077778 	53.961389
14.086389 	53.966667
14.085 	53.973889
14.106389 	53.975
14.106667 	53.967222
14.104167 	53.964167
18.101667 	54.314722
18.105556 	54.32
18.121667 	54.327778
18.121944 	54.33
18.107778 	54.330278
18.106944 	54.335278
18.114722 	54.337222
18.14 	54.334444
18.116111 	54.313056
18.108611 	54.310556
18.102778 	54.313056
18.101667 	54.314722
16.285278 	53.621389
16.354722 	53.6225
16.375 	53.619167
16.355278 	53.616111
16.303333 	53.618333
16.279722 	53.612778
16.277222 	53.617222
16.270556 	53.617778
16.282778 	53.620278
16.285278 	53.621389
17.625278 	54.013056
17.635556 	54.021389
17.63 	54.025
17.631944 	54.031111
17.643056 	54.034444
17.647778 	54.030556
17.644167 	54.025
17.649722 	54.021389
17.648611 	54.011944
17.628333 	54.007778
17.621389 	54.010278
17.623333 	54.012222
17.625278 	54.013056
14.709444 	53.8375
14.708056 	53.814444
14.702778 	53.810833
14.693889 	53.816111
14.693333 	53.834167
14.703056 	53.841667
14.711111 	53.840833
14.709444 	53.8375
14.819167 	53.038889
14.833889 	53.038333
14.838889 	53.034444
14.833889 	53.027222
14.816389 	53.016944
14.812778 	53.021389
14.818056 	53.028611
14.81 	53.034167
14.813333 	53.039444
14.818056 	53.039722
14.819167 	53.038889
14.658056 	53.07
14.653056 	53.0475
14.648056 	53.043333
14.643056 	53.046667
14.643056 	53.068056
14.650278 	53.074444
14.6575 	53.072778
14.658056 	53.07
14.370833 	53.569722
14.382778 	53.560556
14.381944 	53.553333
14.368056 	53.554444
14.356944 	53.561389
14.355833 	53.569444
14.366944 	53.570556
14.370833 	53.569722
19.647222 	53.6325
19.622222 	53.615278
19.611944 	53.614722
19.618333 	53.625833
19.647222 	53.639444
19.653611 	53.637222
19.651111 	53.635278
19.647222 	53.6325
16.074444 	53.545278
16.090556 	53.551111
16.116944 	53.551667
16.071667 	53.539167
16.074167 	53.544722
16.074444 	53.545278
17.789722 	54.247222
17.8 	54.255556
17.810556 	54.256944
17.804167 	54.239444
17.784167 	54.240833
17.786667 	54.245556
17.789722 	54.247222
16.211944 	53.607222
16.235833 	53.612778
16.239444 	53.611389
16.2325 	53.604722
16.221667 	53.601111
16.208333 	53.601389
16.210556 	53.606111
16.211944 	53.607222
16.058056 	53.559167
16.071389 	53.560833
16.075556 	53.569722
16.081667 	53.573056
16.084722 	53.571389
16.0775 	53.557222
16.051667 	53.555
16.055556 	53.558333
16.058056 	53.559167
18.66 	54.364722
18.652778 	54.373611
18.656389 	54.378056
18.666111 	54.374167
18.668611 	54.363333
18.661667 	54.3625
18.66 	54.364722
19.196389 	53.761389
19.198889 	53.753056
19.182222 	53.750556
19.188611 	53.763056
19.194722 	53.763056
19.196389 	53.761389
14.719167 	53.859722
14.711944 	53.849167
14.707222 	53.849444
14.708889 	53.858889
14.718333 	53.861111
14.719167 	53.859722
